var,y_s,last_y,imp,ex,q,c_m,i_m,i_d,pi_i,mc_d,mc_mc,mc_mi,u,H,gamma_cd,gamma_id,gamma_f,i_c,i_y,i_w,R_,pi_c_,pi_cbar_,pi_i_,pi_d_,dy_,dc_,di_,dimp_,dex_,dy_star_,pi_star_,R_star_,dE_,dS_,dw_,y,g,pi_cbar,pi_c,mc_x,kbar,k,x,R,a,gamma_mcd,gamma_mid,gamma_xstar,R_star,e_ystar,e_pistar,e_i,e_a,e_z,e_H,lambda_x,lambda_d,lambda_mc,lambda_mi,z_tildestar,AUX_ENDO_LAG_25_1,c,i,pi_d,pi_mc,pi_mi,pi_x,w,mu_z,E,y_star,e_c,i_k,r_k,P_k,dS,psi_z,pi_star,eps_c,eps_i,eps_g,eps_r,eps_a,eps_z,eps_H,eps_pi_cbar,eps_x,eps_d,eps_mc,eps_mi,eps_z_tildestar,eps_mu_z,eps_Rstar,eps_pistar,eps_ystar,eps_i_k,eps_i_y,me_w,me_E,me_pi_d,me_pi_i,me_y,me_c,me_i,me_imp,me_ex,me_ystar
imp,0.029623,-4.3207,0,0,0,0,0,0,0,0,0,0,0,0,0,0,0,0,0,0,0,0,0,0,0,0,0,0,0,0,0,0,0,0,0,0,-0.009548,5.90E-03,0,0.16152,4.90E-03,-0.137193333,-2.58E-16,2.46E-04,-0.28224,0.050342,-0.516193333,-0.092493333,-0.020414667,-0.203813333,0.017506,-0.212066667,0.017062,-0.068866667,-0.64968,0.095973333,-2.81E-04,0.420466667,-4.40E-04,-5.13E-03,0.046057333,0,0.416793333,0.10244,0.034618,-0.331426667,-0.050406667,-0.0168,0.369233333,0.057420667,1.73E-15,0,0.0706,0,0,0,0,0,0,0.079686667,0.024458,0.007238,-0.312533333,-0.097713333,-0.662173333,0.15308,0.356326667,-4.67E-04,0.434186667,-7.04E-04,-6.58E-03,0.050348,0.081626667,-0.21194,-0.247673333,0.020724,4.39E-08,0.000333333,0,0,0,5.88E-34,0,0,0,0,0,0
ex,0.0049895,-1.52,0,0,0,0,0,0,0,0,0,0,0,0,0,0,0,0,0,0,0,0,0,0,0,0,0,0,0,0,0,0,0,0,0,0,-0.019061333,-0.013156,0,-0.038749333,-0.031032,-0.008103333,5.90E-17,4.90E-04,-0.563446667,-0.07044,-0.065318,-0.007688,-0.743333333,-3.237733333,-1.950266667,0.019674,2.69E-04,0.224506667,-0.018042,0.007204,-0.025619333,0.012683333,-9.63E-04,-2.56E-03,0.537946667,0,-0.010170667,4.75E-04,-3.51E-04,-0.20608,-0.007392,-0.500333333,0.014710667,0.02029,-1.18E-15,0,-0.008013333,0,0,0,0,0,0,-0.009044667,3.85E-04,-0.016142,-0.623926667,0.318533333,-0.018389333,0.01149,-0.025062667,-0.042633333,0.013097333,-1.54E-03,-3.28E-03,0.58806,0.028843333,-3.3668,0.022978,-2.3088,2.13E-09,1.33E-05,0,0,0,8.50E-35,0,0,0,0,0,0
q,-0.065575,2.6859,0,0,0,0,0,0,0,0,0,0,0,0,0,0,0,0,0,0,0,0,0,0,0,0,0,0,0,0,0,0,0,0,0,0,-0.006823333,-4.93E-03,0,-3.20E-03,6.98E-04,-3.86E-03,-6.54E-17,1.76E-04,-2.721533333,0.0072,-4.05E-03,1.33E-03,0.007312667,0.025234,0.025608667,-0.012358667,-2.86E-03,-0.008923333,-0.084446667,0.017414667,1.24E-03,0.049408,1.45E-04,1.43E-03,-5.90E-03,0,-0.013256667,-4.52E-03,-2.14E-03,0.018678,2.07E-03,0.010941333,0.026603333,0.129746667,4.77E-16,0,-0.017952667,0,0,0,0,0,0,-0.020264,-4.10E-03,-6.05E-03,-0.223346667,-0.012660667,-0.086066667,0.027776667,1.26E-03,2.06E-03,0.05102,2.31E-04,1.83E-03,-0.006450667,0.184446667,0.02624,-0.014434,0.030316667,0.040439333,2.40E-05,0,0,0,-2.00E-34,0,0,0,0,0,0
c_m,0.087823,-1.6366,0,0,0,0,0,0,0,0,0,0,0,0,0,0,0,0,0,0,0,0,0,0,0,0,0,0,0,0,0,0,0,0,0,0,-0.011678667,5.36E-03,0,0.167766667,5.11E-04,-0.111366667,-2.87E-16,3.00E-04,-0.345213333,0.025452,-0.66098,0.007698,-0.023043333,-0.14082,-0.029642667,-0.080526667,-5.05E-03,-0.020600667,-0.65426,0.099506667,7.85E-04,0.45604,-1.10E-03,4.14E-03,0.025824,0,0.5171,-4.27E-03,0.036754667,-0.513853333,0.007808667,-0.009522,0.392033333,0.016496,1.59E-15,0,0.102253333,0,0,0,0,0,0,0.11542,-0.007245333,6.58E-03,-0.382266667,-0.029228667,-0.666866667,0.158706667,0.40188,1.31E-03,0.470926667,-1.76E-03,5.30E-03,0.028229333,0.02345,-0.146433333,-0.094046667,-0.035092667,4.68E-08,3.54E-04,0,0,0,-9.50E-35,0,0,0,0,0,0
i_m,-0.22984,-16.287,0,0,0,0,0,0,0,0,0,0,0,0,0,0,0,0,0,0,0,0,0,0,0,0,0,0,0,0,0,0,0,0,0,0,-5.02E-05,0.008285333,0,0.13368,0.024469333,-0.25232,-1.28E-16,1.29E-06,-1.48E-03,0.161306667,0.129293333,-0.539153333,-0.008697333,-0.484673333,0.227706667,-0.798533333,0.11566,-0.284053333,-0.629273333,0.08024,-5.03E-03,0.26186,2.52E-03,-0.046466667,0.136266667,0,-0.030423333,0.57816,0.025094667,0.481866667,-0.309946667,-0.049245333,0.267606667,0.239873333,2.39E-15,0,-0.070533333,0,0,0,0,0,0,-0.07962,0.1658,0.010166,-1.64E-03,-0.40302,-0.641373333,0.127986667,0.15322,-0.008372,0.270406667,4.03E-03,-0.059562,0.14896,0.341,-0.503993333,-0.9326,0.269566667,3.09E-08,2.42E-04,0,0,0,3.63E-33,0,0,0,0,0,0
i_d,-0.22148,-7.9397,0,0,0,0,0,0,0,0,0,0,0,0,0,0,0,0,0,0,0,0,0,0,0,0,0,0,0,0,0,0,0,0,0,0,-0.027703333,-0.043168,0,-0.241066667,-0.014395333,-0.063696667,3.21E-16,7.13E-04,-0.818933333,0.031114667,-0.045188667,0.787066667,0.063657333,0.40628,0.20488,-0.043388,0.11352,0.045575333,0.230413333,-0.023946,0.008932667,-0.377486667,2.77E-04,0.029716667,-0.05677,0,-0.114,0.568333333,-0.055478667,-0.020459333,0.377686667,0.10082,-0.348113333,0.155333333,3.37E-15,0,-0.094006667,0,0,0,0,0,0,-0.106106667,0.162733333,-0.052966667,-0.9068,0.064664667,0.234846667,-0.038193333,-0.31112,0.014864667,-0.389806667,4.43E-04,0.038092,-0.062058,0.22082,0.42248,-0.050674,0.242546667,-6.43E-08,-3.14E-04,0,0,0,-4.42E-33,0,0,0,0,0,0
pi_i,0.012098,0.22945,0,0,0,0,0,0,0,0,0,0,0,0,0,0,0,0,0,0,0,0,0,0,0,0,0,0,0,0,0,0,0,0,0,0,-0.00947,3.09E-03,0,0.0977,-0.01026,-0.082226667,-4.14E-17,2.44E-04,-0.279926667,-0.026658667,-0.016522,-0.038597333,-0.019718667,0.033548,-0.09222,0.152993333,3.13E-04,0.08198,-0.35974,0.058994667,1.46E-03,0.255913333,-2.59E-04,0.015938,-0.014487333,0,0.016672667,2.97E-03,0.022083333,-0.041432,0.14202,3.18E-03,0.241213333,0.081586667,1.01E-16,0,-8.68E-04,0,0,0,0,0,0,-9.80E-04,4.49E-04,3.80E-03,-0.309973333,0.11632,-0.36666,0.094093333,0.369006667,2.42E-03,0.264266667,-4.14E-04,0.020429333,-0.015836667,0.11598,0.034885333,0.17868,-0.109166667,2.85E-08,2.18E-04,0,0,0,0,0,0,0,0,0,0
mc_d,0.000029352,-1.4286,0,0,0,0,0,0,0,0,0,0,0,0,0,0,0,0,0,0,0,0,0,0,0,0,0,0,0,0,0,0,0,0,0,0,6.64E-04,0.01148,0,0.11298,4.20E-04,-0.06718,-7.81E-17,-1.71E-05,0.019613333,0.003704,0.019994667,3.12E-03,-0.025242,-0.12574,-0.055343333,-0.02995,1.45E-03,-0.009038,-0.286953333,0.014085333,1.28E-04,-0.423526667,-7.39E-05,8.70E-05,0.021357333,0,0.028721333,5.18E-03,-0.033406667,-0.018812,1.12E-03,-0.008132667,0.222746667,5.81E-03,9.33E-17,0,1.62E-03,0,0,0,0,0,0,1.83E-03,2.08E-03,0.014085333,0.021718667,-0.012823333,-0.292466667,0.022465333,-0.12622,2.12E-04,-0.437346667,-1.18E-04,1.12E-04,0.023346667,0.008258667,-0.130753333,-0.034978667,-0.065517333,7.11E-08,2.01E-04,0,0,0,-1.32E-35,0,0,0,0,0,0
mc_mc,0.0021201,6.3513,0,0,0,0,0,0,0,0,0,0,0,0,0,0,0,0,0,0,0,0,0,0,0,0,0,0,0,0,0,0,0,0,0,0,-0.125366667,-0.05462,0,-0.13778,-0.430473333,-0.126113333,5.44E-16,3.22E-03,-3.705733333,-0.3981,-0.941066667,-0.035098,-0.311086667,2.100066667,-0.8456,2.149266667,0.000841333,1.792466667,-0.496886667,0.109053333,0.023856667,0.346533333,-4.75E-03,-0.010017333,-0.308873333,0,-0.031133333,4.00E-03,0.013317333,-1.3232,-0.031998,0.2192,0.3309,0.1922,-1.01E-15,0,-0.030549333,0,0,0,0,0,0,-0.034482,0.001206,-0.06702,-4.103533333,2.5432,-0.50644,0.173933333,0.07786,0.039700667,0.35784,-0.007599333,-0.012840667,-0.33764,0.273226667,2.1838,2.510133333,-1.001066667,3.16E-08,2.99E-04,0,0,0,0,0,0,0,0,0,0
mc_mi,0.00035283,4.4728,0,0,0,0,0,0,0,0,0,0,0,0,0,0,0,0,0,0,0,0,0,0,0,0,0,0,0,0,0,0,0,0,0,0,-0.11076,-0.046436,0,-0.144073333,-0.412206667,-0.094046667,6.34E-16,2.85E-03,-3.274066667,-0.345946667,-0.23408,-0.615966667,-0.308166667,1.876066667,-0.754666667,1.8484,0.000854667,1.643533333,-0.36646,0.08016,0.019540667,0.257273333,-2.76E-03,-0.04375,-0.255453333,0,-0.028268,0.003259333,0.010325333,-0.6338,-0.333606667,0.183946667,0.24766,0.141866667,-2.34E-15,0,-0.02476,0,0,0,0,0,0,-0.027948,1.23E-03,-0.056976667,-3.625466667,2.331866667,-0.373506667,0.127853333,-0.11254,0.032518667,0.265666667,-4.42E-03,-0.056079333,-0.279253333,0.201673333,1.950866667,2.158733333,-0.893333333,2.59E-08,2.24E-04,0,0,0,4.11E-33,0,0,0,0,0,0
u,1.70E-09,-2.85E-06,0,0,0,0,0,0,0,0,0,0,0,0,0,0,0,0,0,0,0,0,0,0,0,0,0,0,0,0,0,0,0,0,0,0,-8.68E-09,8.77E-08,0.00E+00,5.93E-08,-6.52E-09,-7.18E-07,-9.94E-18,2.23E-10,-2.57E-07,-1.87E-09,1.27E-07,2.13E-08,-2.02E-07,-9.08E-07,-5.05E-07,-5.97E-08,5.48E-09,3.22E-08,-2.51E-07,1.16E-08,-4.75E-09,-4.70E-07,-7.88E-11,1.03E-09,1.52E-07,0,2.22E-07,3.39E-08,-4.39E-08,2.01E-08,9.25E-09,-1.19E-07,1.61E-07,4.42E-07,4.09E-17,0,3.57E-08,0,0,0,0,0,0,4.03E-08,7.86E-09,1.08E-07,-2.84E-07,4.57E-08,-2.56E-07,1.84E-08,-2.22E-07,-7.90E-09,-4.86E-07,-1.26E-10,1.32E-09,1.66E-07,6.28E-07,-9.44E-07,-6.97E-08,-5.98E-07,-4.29E-07,1.45E-10,0,0,0,1.76E-39,0,0,0,0,0,0
H,0.10302,-2.9105,0,0,0,0,0,0,0,0,0,0,0,0,0,0,0,0,0,0,0,0,0,0,0,0,0,0,0,0,0,0,0,0,0,0,-0.012134,0.09892,0,-0.069753333,-0.009014,-0.178213333,2.82E-17,3.12E-04,-0.35868,-0.007236667,0.139253333,0.023608667,-0.229453333,-1.015866667,-0.58398,-0.038582667,0.005232667,0.053612667,-0.803266667,-3.29E-03,-6.33E-03,-0.060959333,-6.35E-06,1.23E-03,0.169313333,0,0.25144,0.037308667,-0.013603333,0.050599333,0.010557333,-0.14356,-0.080806667,0.097066667,-1.89E-16,0,0.044280667,0,0,0,0,0,0,0.049982,0.007500667,0.12138,-0.39718,0.076066667,-0.818733333,-5.25E-03,-0.124433333,-0.010534667,-0.062949333,-1.02E-05,1.57E-03,0.185086667,0.137986667,-1.056333333,-0.045062,-0.691333333,4.23E-08,-7.30E-05,0,0,0,-1.23E-34,0,0,0,0,0,0
gamma_cd,0.00065331,0.61238,0,0,0,0,0,0,0,0,0,0,0,0,0,0,0,0,0,0,0,0,0,0,0,0,0,0,0,0,0,0,0,0,0,0,8.97E-04,-4.96E-03,0,-0.059130667,4.73E-04,0.039852667,7.07E-17,-2.31E-05,0.026522,-1.57E-03,0.220306667,-1.30E-03,0.012013333,0.057162,0.028283333,0.009687333,-3.21E-04,-1.91E-03,0.17614,-0.025915333,6.15E-04,-0.128293333,3.54E-04,-2.02E-04,-0.010679333,0,-0.011696667,-1.75E-03,-0.013285333,0.164353333,-8.21E-04,0.010492667,-0.1226,-0.030415333,-2.43E-16,0,-0.001544667,0,0,0,0,0,0,-1.74E-03,-4.59E-04,-6.09E-03,0.029368667,-2.72E-03,0.179526667,-0.041334667,-0.137013333,1.02E-03,-0.13248,5.67E-04,-2.58E-04,-0.011674,-0.043238667,0.059440667,0.011314,0.033482667,-1.65E-08,-1.11E-04,0,0,0,1.08E-35,0,0,0,0,0,0
gamma_id,0.0017034,1.7005,0,0,0,0,0,0,0,0,0,0,0,0,0,0,0,0,0,0,0,0,0,0,0,0,0,0,0,0,0,0,0,0,0,0,-5.63E-03,-0.010482,0,-0.076346667,-0.007917333,0.038427333,8.21E-17,1.45E-04,-0.166526667,-0.026523333,-0.035546667,0.270173333,0.01474,0.181506667,-4.65E-03,0.153833333,-4.36E-04,0.067153333,0.17514,-0.021225333,0.002844667,-0.130246667,-4.56E-04,0.015520667,-0.039325333,0,-0.017026,-2.00E-03,-0.016414667,-0.102333333,0.140086667,0.030571333,-0.125433333,-0.017222667,1.76E-16,0,-4.78E-03,0,0,0,0,0,0,-5.40E-03,-6.25E-04,-0.012861333,-0.1844,0.09528,0.178506667,-0.033854,-0.094593333,4.73E-03,-0.1345,-7.30E-04,0.019894,-0.042988667,-0.024483333,0.188746667,0.179666667,-5.50E-03,-1.94E-08,-1.13E-04,0,0,0,-1.64E-33,0,0,0,0,0,0
gamma_f,-0.0039916,-8.1055,0,0,0,0,0,0,0,0,0,0,0,0,0,0,0,0,0,0,0,0,0,0,0,0,0,0,0,0,0,0,0,0,0,0,0.122793333,0.068826667,0,0.30716,0.42912,0.011954667,-8.51E-16,-3.16E-03,3.6298,0.402606667,0.310013333,0.038814,0.276673333,-2.2638,0.7646,-2.177,7.68E-05,-1.787,-0.007668,-0.034816,-0.025617333,0.020968667,3.74E-03,0.010594667,0.33946,0,0.064639333,1.02E-03,0.02474,0.8524,0.03435,-0.249253333,0.020296667,-0.105073333,1.94E-15,0,0.034974,0,0,0,0,0,0,0.039476667,1.10E-04,0.084453333,4.0194,-2.5354,-0.007815333,-0.055531333,0.31462,-0.042630667,0.021652667,5.98E-03,0.013580667,0.371086667,-0.149373333,-2.354066667,-2.5426,0.905133333,1.55E-08,1.83E-05,0,0,0,-3.96E-34,0,0,0,0,0,0
i_c,0.0651,0.0651,0,0,0,0,0,0,0,0,0,0,0,0,0,0,0,0,0,0,0,0,0,0,0,0,0,0,0,0,0,0,0,0,0,0,-1.67E-19,-1.73E-19,0,-5.22E-20,4.35E-19,-3.71E-19,-2.72E-20,-9.93E-20,-4.06E-18,-2.41E-19,-3.19E-19,3.26E-19,4.88E-19,5.56E-19,-2.29E-19,9.35E-20,-3.17E-20,3.64E-19,-1.59E-18,3.05E-19,9.21E-20,5.52E-19,9.22E-20,-2.84E-20,-2.92E-19,0,-1.47E-18,-2.30E-20,-3.53E-20,2.73E-19,3.28E-19,4.13E-19,6.79E-19,2.43E-18,7.22E-19,0,-4.31E-19,0,0,0,0,0,0,-7.95E-20,3.93E-23,3.87E-21,1.74E-19,1.91E-20,1.35E-19,1.80E-22,-2.89E-21,-2.21E-21,-3.64E-20,-2.68E-23,-3.53E-21,-6.02E-21,3.68E-19,-2.87E-20,3.34E-20,1.88E-20,3.62E-27,-1.60E-24,0,0,0,3.74E-53,0,0,0,0,0,0
i_y,1.24E-01,1.24E-01,0,0,0,0,0,0,0,0,0,0,0,0,0,0,0,0,0,0,0,0,0,0,0,0,0,0,0,0,0,0,0,0,0,0,-2.65E-20,-2.40E-20,0.00E+00,7.71E-20,1.05E-19,5.05E-20,-3.38E-20,-3.05E-20,-8.45E-19,-4.83E-20,-1.09E-19,1.16E-20,8.60E-20,1.17E-19,-1.30E-20,1.60E-19,-1.24E-21,1.59E-19,-5.22E-19,6.57E-20,1.25E-20,6.35E-19,-1.03E-20,1.19E-20,-6.54E-20,0,-2.26E-19,1.08E-19,5.88E-20,1.03E-19,-6.37E-20,-5.64E-20,-2.50E-20,3.46E-19,1.16E-19,0,3.17E-20,0,0,0,0,0,0,-2.50E-22,-1.59E-22,-3.05E-23,-2.11E-20,7.14E-21,-2.14E-20,5.49E-21,2.88E-20,-7.17E-22,2.43E-20,-2.41E-23,2.48E-23,-6.67E-21,-2.51E-20,-3.55E-21,3.29E-20,2.70E-21,-2.55E-25,6.67E-01,0,0,0,1.25E-54,0,0,0,0,0,0
i_w,0.0765,0.0765,0,0,0,0,0,0,0,0,0,0,0,0,0,0,0,0,0,0,0,0,0,0,0,0,0,0,0,0,0,0,0,0,0,0,-1.33E-20,-1.18E-20,0.00E+00,4.04E-20,5.23E-20,2.87E-20,-1.69E-20,-1.53E-20,-4.24E-19,-2.43E-20,-5.42E-20,5.87E-21,4.32E-20,5.92E-20,-8.87E-21,8.24E-20,-6.83E-22,8.09E-20,-2.75E-19,3.13E-20,6.27E-21,3.26E-19,-5.16E-21,5.97E-21,-3.26E-20,0,-1.13E-19,5.38E-20,2.98E-20,5.00E-20,-3.20E-20,-2.95E-20,-9.15E-21,1.76E-19,5.83E-20,0,1.62E-20,0,0,0,0,0,0,2.60E-22,-6.00E-23,-6.42E-23,-4.98E-21,4.27E-21,-5.27E-21,2.85E-21,1.11E-20,-2.88E-22,1.07E-20,-9.22E-24,-6.00E-24,-3.60E-21,-8.54E-21,2.30E-21,1.80E-20,1.08E-21,-1.29E-25,-2.65E-23,0,0,0,9.24E-55,0,0,0,0,0,0
R_,0.68978,0.43903,0,0,0,0,0,0,0,0,0,0,0,0,0,0,0,0,0,0,0,0,0,0,0,0,0,0,0,0,0,0,0,0,0,0,0.020146667,1.48E-03,0.00E+00,0.050746,-1.57E-04,-1.41E-03,-9.05E-17,-5.18E-04,5.96E-01,-1.31E-04,1.97E-03,3.52E-04,-3.48E-03,-1.52E-02,-8.91E-03,-3.22E-04,7.77E-05,9.74E-04,-6.88E-03,1.09E-03,-9.94E-05,4.58E-03,1.14E-05,2.06E-05,2.52E-03,0,3.76E-03,5.57E-04,3.48E-04,5.37E-03,1.62E-04,-2.24E-03,4.03E-03,8.63E-04,1.52E-16,0,6.31E-04,0,0,0,0,0,0,7.13E-04,1.11E-04,1.82E-03,6.59E-01,1.38E-03,-7.02E-03,1.74E-03,6.62E-03,-1.65E-04,4.73E-03,1.83E-05,2.65E-05,2.76E-03,1.23E-03,-1.59E-02,-3.76E-04,-1.06E-02,-4.74E-10,3.64E-06,0,0,0,-1.86E-36,0,0,0,0,0,0
pi_c_,0.54552,0.65358,0,0,0,0,0,0,0,0,0,0,0,0,0,0,0,0,0,0,0,0,0,0,0,0,0,0,0,0,0,0,0,0,0,0,-2.94E-03,0.008616,0,0.114913333,-1.87E-03,-0.0808,-5.62E-17,7.56E-05,-0.08688,-1.71E-03,0.006602,2.01E-03,-0.022446,-0.0908,-0.059284667,0.008843333,4.29E-04,0.012915333,-0.35874,0.054304,-7.75E-04,0.257866667,5.52E-04,2.16E-04,0.014159333,0,0.022002,3.22E-03,0.025212667,0.22526,1.11E-03,-0.016895333,0.244046667,0.068393333,3.07E-16,0,2.37E-03,0,0,0,0,0,0,2.67E-03,6.15E-04,0.010572,-0.096206667,0.018324667,-0.36564,0.086613333,0.326593333,-1.29E-03,0.266286667,8.82E-04,2.77E-04,0.015478,0.097226667,-0.09442,0.010328667,-0.07018,3.14E-08,2.20E-04,0,0,0,-1.14E-35,0,0,0,0,0,0
pi_cbar_,5.25E-01,4.95E-01,0,0,0,0,0,0,0,0,0,0,0,0,0,0,0,0,0,0,0,0,0,0,0,0,0,0,0,0,0,0,0,0,0,0,0,0,0,0,0,0,0,0.00E+00,0,0,0,0,0,0,0,0,0,0,0,0,0,0,0,0,0,0,0,0,0,0,0,0,0,0,0.00E+00,0,0,0,0,0,0,0,0,0,0,0,0,0,0,0,0.666666667,0,0,0,0,0,0,0,0,0,0.00E+00,0,0,0,0,0.00E+00,0,0,0,0,0,0
pi_i_,0.086519,0.49149,0,0,0,0,0,0,0,0,0,0,0,0,0,0,0,0,0,0,0,0,0,0,0,0,0,0,0,0,0,0,0,0,0,0,-0.00947,3.09E-03,0,0.0977,-0.01026,-0.082226667,-4.14E-17,2.44E-04,-0.279926667,-0.026658667,-0.016522,-0.038597333,-0.019718667,0.033548,-0.09222,0.152993333,3.13E-04,0.08198,-0.35974,0.058994667,1.46E-03,0.255913333,-2.59E-04,0.015938,-0.014487333,0,0.016672667,2.97E-03,0.022083333,-0.041432,0.14202,3.18E-03,0.241213333,0.081586667,1.01E-16,0,-8.68E-04,0,0,0,0,0,0,-9.80E-04,4.49E-04,3.80E-03,-0.309973333,0.11632,-0.36666,0.094093333,0.369006667,2.42E-03,0.264266667,-4.14E-04,0.020429333,-0.015836667,0.11598,0.034885333,0.17868,-0.109166667,2.85E-08,2.18E-04,0,0,0,0.666666667,0,0,0,0,0,0
pi_d_,0.56252,2.4329,0,0,0,0,0,0,0,0,0,0,0,0,0,0,0,0,0,0,0,0,0,0,0,0,0,0,0,0,0,0,0,0,0,0,-3.84E-03,0.013576,0,0.174046667,-2.34E-03,-0.120653333,-2.03E-16,9.87E-05,-0.1134,-1.35E-04,0.019024667,3.31E-03,-0.034459333,-0.14796,-0.087566667,-8.44E-04,7.49E-04,0.01483,-0.53488,0.08022,-1.39E-03,0.38616,1.97E-04,4.17E-04,0.024838667,0,0.033698667,4.97E-03,0.038498,0.060903333,1.94E-03,-0.027388,0.366653333,0.098806667,3.76E-16,0,3.91E-03,0,0,0,0,0,0,4.42E-03,0.001074,0.016658,-0.125573333,0.021041333,-0.545166667,0.127946667,0.463606667,-2.31E-03,0.398766667,3.16E-04,5.35E-04,0.027152,0.14046,-0.15386,-9.85E-04,-0.103666667,4.79E-08,3.31E-04,0,0,0.666666667,-2.22E-35,0,0,0,0,0,0
dy_,0.4562,0.8755,0,0,0,0,0,0,0,0,0,0,0,0,0,0,0,0,0,0,0,0,0,0,0,0,0,0,0,0,0,0,0,0,0,0,-0.676933333,0.083786667,0,-0.059080667,-0.007634667,0.017722667,0.153333333,2.64E-04,-0.303806667,-6.13E-03,0.117946667,0.019996,-0.194346667,-0.8604,-0.494633333,-0.032679333,4.43E-03,0.04541,0.039118,-2.79E-03,-5.36E-03,-0.051632667,-5.38E-06,1.04E-03,0.143413333,-0.153333333,0.212966667,0.031600667,-0.011522,0.042857333,0.008942,-0.121593333,-0.06844,0.432526667,1.02E-16,0,0.037506,0,0,0,0,0,0,0.042334667,6.35E-03,0.102806667,-0.336413333,0.064429333,0.03987,-4.45E-03,-0.1054,-0.008922667,-0.053318,-8.60E-06,1.33E-03,0.156766667,0.614873333,-0.894733333,-0.038167333,-0.58556,2.60E-08,-6.18E-05,0,0,0,-1.04E-34,0.666666667,0,0,0,0,0
dc_,1.09E+00,1.28E+00,0,0,0,0,0,0,0,0,0,0,0,0,0,0,0,0,0,0,0,0,0,0,0,0,0,0,0,0,0,0,0,0,0,0,-0.009044667,-0.009195333,0,-5.80E-03,1.90E-03,5.61E-03,-1.19E-16,2.33E-04,-0.26736,0.020832,-0.046537333,3.89E-03,0.012219333,0.026974,0.053378,-0.052088,-6.00E-03,-0.026220667,-0.137233333,0.023433333,0.002589333,0.07946,-6.30E-05,0.003546667,-5.52E-03,0,-0.1839,-0.009404,-2.24E-03,-0.031408,5.40E-03,0.021277333,0.032151333,0.396173333,6.37E-16,0,0.09772,0,0,0,0,0,0,0.110306667,-0.008594,-0.011282667,-0.29606,-0.037203333,-0.139873333,0.037376,-2.97E-04,4.31E-03,0.082046667,-1.01E-04,4.55E-03,-6.04E-03,0.5632,0.028049333,-0.060835333,0.063190667,-1.46E-09,2.90E-05,0,0,0,-6.34E-35,0,0.666666667,0,0,0,0
di_,1.2682,2.4387,0,0,0,0,0,0,0,0,0,0,0,0,0,0,0,0,0,0,0,0,0,0,0,0,0,0,0,0,0,0,0,0,0,0,-0.010292667,-0.010772667,0,-5.12E-03,0.010074,-0.182453333,-1.08E-16,2.65E-04,-0.304253333,0.113086667,0.064667333,-0.08346,0.018102667,-0.154666667,0.219253333,-0.518813333,0.114873333,-0.16196,-0.310846667,0.041650667,1.41E-04,0.025050667,1.69E-03,-0.018248667,0.064765333,0,-0.061378667,-0.092146667,-4.75E-03,0.295806667,-0.055248,6.34E-03,0.039544667,0.677533333,2.77E-15,0,-0.079226667,0,0,0,0,0,0,-0.089426667,0.16466,-0.013218,-0.336913333,-0.229793333,-0.316826667,0.066432667,-0.01877,2.35E-04,0.025868,2.70E-03,-0.023391333,0.0708,0.963133333,-0.160833333,-0.605933333,0.25956,-4.35E-09,3.57E-05,0,0,0,6.49E-34,0,0,0.666666667,0,0,0
dimp_,1.5482,-0.042619,0,0,0,0,0,0,0,0,0,0,0,0,0,0,0,0,0,0,0,0,0,0,0,0,0,0,0,0,0,0,0,0,0,0,-0.009548,5.90E-03,0,0.16152,4.90E-03,-0.137193333,-4.76E-16,2.46E-04,-0.28224,0.050342,0.015461333,4.96E-03,-0.020414667,-0.203813333,0.017506,-0.212066667,0.017062,-0.068866667,-0.64968,0.095973333,-2.81E-04,0.420466667,-4.40E-04,-5.13E-03,0.046057333,0,-0.127733333,-0.019700667,0.034618,-0.331426667,-0.050406667,-0.0168,0.369233333,0.52638,1.43E-15,0,0.0706,0,0,0,0,0,0,0.079686667,0.024458,0.007238,-0.312533333,-0.097713333,-0.662173333,0.15308,0.356326667,-4.67E-04,0.434186667,-7.04E-04,-6.58E-03,0.050348,0.748266667,-0.21194,-0.247673333,0.020724,4.39E-08,0.000333333,0,0,0,5.88E-34,0,0,0,0.666666667,0,0
dex_,1.19E+00,2.71E+00,0,0,0,0,0,0,0,0,0,0,0,0,0,0,0,0,0,0,0,0,0,0,0,0,0,0,0,0,0,0,0,0,0,0,-0.019061333,-0.013156,0,-0.038749333,-0.031032,-0.008103333,-5.91E-16,4.90E-04,-0.563446667,-0.07044,-0.065318,-0.007688,0.089986667,-3.237733333,-1.950266667,0.019674,2.69E-04,0.224506667,-0.018042,0.007204,-0.025619333,0.012683333,-9.63E-04,-2.56E-03,-0.12872,0,-0.010170667,4.75E-04,-3.51E-04,-0.20608,-0.007392,-0.500333333,0.014710667,0.489246667,-2.22E-15,-0.666666667,-0.008013333,0,0,0,0,0,0,-0.009044667,3.85E-04,-0.016142,-0.623926667,0.318533333,-0.018389333,0.01149,-0.025062667,-0.042633333,0.013097333,-1.54E-03,-3.28E-03,0.58806,0.695533333,-3.3668,0.022978,-2.3088,2.13E-09,1.33E-05,0,0,0,8.50E-35,0,0,0,0,0.666666667,0
dy_star_,1.1392,3.0389,0,0,0,0,0,0,0,0,0,0,0,0,0,0,0,0,0,0,0,0,0,0,0,0,0,0,0,0,0,0,0,0,0,0,2.10E-16,2.26E-16,0,1.66E-15,7.88E-16,2.31E-16,-3.79E-16,9.57E-17,6.33E-15,1.39E-16,-1.30E-15,2.38E-16,-3.16E-16,-2.346933333,-1.298266667,-1.184133333,-6.16E-16,-2.83E-15,-4.97E-15,8.69E-16,-2.53E-16,3.88E-15,-4.01E-17,2.40E-16,-0.056808,0,8.57E-16,-1.15E-15,2.39E-16,-4.43E-15,4.58E-16,-2.38E-15,2.24E-15,0.46896,-7.60E-16,-0.666666667,2.51E-16,0,0,0,0,0,0,5.55E-17,-8.85E-16,2.44E-16,2.41E-15,-3.73E-15,-4.71E-15,1.49E-15,1.16E-15,-4.06E-16,3.57E-15,-4.30E-17,3.15E-16,0.666666667,0.666666667,-2.440466667,-1.383,-1.537,-3.87E-17,2.40E-18,0,0,0,-4.20E-48,0,0,0,0,0,0.666666667
pi_star_,0.004998,-0.24309,0,0,0,0,0,0,0,0,0,0,0,0,0,0,0,0,0,0,0,0,0,0,0,0,0,0,0,0,0,0,0,0,0,0,5.56E-17,1.01E-16,0.00E+00,1.03E-15,3.55E-16,-1.82E-16,2.16E-17,-7.42E-18,4.41E-15,-2.25E-16,-1.26E-15,5.85E-16,-2.73E-16,-1.224333333,-0.50764,0.781933333,-4.45E-16,-1.76E-15,-3.16E-15,4.96E-16,-1.93E-16,2.29E-15,-2.82E-17,2.42E-16,-3.23E-16,0,7.63E-16,-6.14E-16,2.04E-16,-4.74E-15,5.26E-16,-1.56E-15,1.57E-15,-4.97E-16,1.39E-16,0,-7.12E-17,0,0,0,0,0,0,7.05E-17,-5.73E-16,1.16E-16,3.52E-15,-1.87E-15,-3.19E-15,9.02E-16,8.24E-16,-2.95E-16,2.43E-15,-4.45E-17,3.05E-16,-3.62E-16,-1.74E-16,-1.2732,0.913266667,-0.60096,2.19E-18,1.39E-18,0,0,0,-5.74E-48,0,0,0,0,0,0
R_star_,1.4325,0.74768,0,0,0,0,0,0,0,0,0,0,0,0,0,0,0,0,0,0,0,0,0,0,0,0,0,0,0,0,0,0,0,0,0,0,4.10E-17,1.83E-17,0.00E+00,1.62E-16,-6.13E-17,4.39E-17,4.13E-17,-2.69E-18,6.55E-16,-3.55E-17,-1.69E-16,8.43E-17,-6.97E-17,0.412113333,-0.09812,0.12002,-5.64E-17,-2.15E-16,-3.81E-16,8.95E-17,-2.91E-17,3.33E-16,-6.01E-18,4.27E-17,-3.80E-17,0,7.13E-17,-4.69E-17,-3.90E-17,-6.69E-16,8.92E-17,-1.93E-16,1.92E-16,-2.15E-16,2.04E-17,0,6.12E-17,0,0,0,0,0,0,2.02E-17,-8.88E-17,2.65E-17,1.11E-15,-4.94E-16,-4.64E-16,1.18E-16,1.40E-16,-5.65E-17,4.33E-16,-7.10E-18,5.12E-17,-5.15E-17,-3.89E-16,0.428546667,0.14018,-0.11616,8.68E-18,1.77E-19,0,0,0,-1.06E-48,0,0,0,0,0,0
dE_,0.028177,0.3466,0,0,0,0,0,0,0,0,0,0,0,0,0,0,0,0,0,0,0,0,0,0,0,0,0,0,0,0,0,0,0,0,0,0,-3.54E-03,3.72E-03,0.00E+00,-0.011956667,-1.34E-03,-2.46E-02,-3.39E-17,9.09E-05,-1.05E-01,-8.38E-03,-6.90E-04,1.45E-04,-7.71E-03,-0.017558667,-0.033826,0.035309333,-2.60E-04,1.69E-02,-1.16E-01,-1.31E-03,-9.18E-04,-2.68E-03,-1.67E-04,-2.12E-05,1.26E-03,0,1.13E-02,1.19E-03,-4.32E-04,-2.90E-02,-1.97E-05,-9.73E-03,-6.81E-03,4.00E-02,-9.84E-02,0,8.22E-03,0,0,0,0,0,0,9.27E-03,-3.73E-04,4.56E-03,-1.16E-01,2.39E-02,-1.18E-01,-2.09E-03,-1.00E-02,-1.53E-03,-2.77E-03,-2.68E-04,-2.72E-05,1.37E-03,5.69E-02,-0.018258667,0.041238667,-0.040044667,1.24E-09,-6.15E-06,0,0.666666667,0,2.55E-38,0,0,0,0,0,0
dS_,0.29152,4.5903,0,0,0,0,0,0,0,0,0,0,0,0,0,0,0,0,0,0,0,0,0,0,0,0,0,0,0,0,0,0,0,0,0,0,-0.126633333,-0.055252,0,-0.133113333,0.235206667,-0.132606667,-1.63E-15,3.26E-03,-3.7432,-0.40274,-0.290986667,-0.035508667,0.355533333,3.3402,-0.3445,1.3942,6.72E-04,1.8018,-0.527213333,0.115033333,0.024228,0.365193333,-3.54E-03,-0.010177333,-0.314626667,0,-0.030940667,0.003951333,0.013758,-0.791533333,-0.032414667,0.221866667,0.346353333,0.20388,2.10E-16,0,-0.031060667,0,0,0,0,0,0,-0.03506,9.64E-04,-0.067793333,-4.144933333,2.556466667,-0.537353333,0.18348,0.148986667,0.040318667,0.377113333,-5.66E-03,-0.013046,-0.343933333,0.289833333,3.4734,1.628333333,-0.407826667,3.23E-08,3.13E-04,0,0,0,3.74E-34,0,0,0,0,0,0
dw_,1.0627,1.2864,0,0,0,0,0,0,0,0,0,0,0,0,0,0,0,0,0,0,0,0,0,0,0,0,0,0,0,0,0,0,0,0,0,0,-3.82E-04,2.30E-03,0,0.303066667,1.51E-04,6.49E-03,-3.10E-16,9.82E-06,-0.01129,5.23E-03,0.006990667,9.92E-04,-0.006926667,-0.040052667,-0.008596,-0.021919333,1.00E-03,-6.54E-03,0.017011333,0.09506,1.94E-04,-0.023344667,1.25E-04,2.22E-04,0.007253333,0,4.59E-03,1.57E-03,0.00822,0.030453333,6.26E-04,-2.50E-03,-0.058686667,0.443393333,9.41E-16,0,-4.65E-03,0,0,0,0,0,0,-5.25E-03,1.43E-03,2.83E-03,-0.012502,-0.009277333,0.017338,0.15162,0.366,3.23E-04,-0.024106667,2.00E-04,2.84E-04,0.007929333,0.63032,-0.041649333,-0.0256,-0.010176,1.04E-08,5.49E-04,0.666666667,0,0,-7.11E-36,0,0,0,0,0,0
y,0.029842,-0.47404,0,0,0,0,0,0,0,0,0,0,0,0,0,0,0,0,0,0,0,0,0,0,0,0,0,0,0,0,0,0,0,0,0,0,-0.010278,0.083786667,0,-0.059080667,-0.007634667,0.017722,4.92E-17,2.64E-04,-0.303806667,-6.13E-03,0.117953333,0.019996,-0.194346667,-0.8604,-0.494633333,-0.03268,4.43E-03,0.04541,0.039118,-2.79E-03,-5.36E-03,-0.051632667,-5.38E-06,1.04E-03,0.143413333,0,0.212966667,0.031600667,-0.011522,0.042857333,0.008942,-0.121593333,-0.06844,-0.036433333,6.73E-17,0,0.037506,0,0,0,0,0,0,0.042334667,6.35E-03,0.102806667,-0.336413333,0.064429333,0.03987,-0.004445333,-0.1054,-0.008922667,-0.053318,-8.60E-06,1.33E-03,0.156766667,-0.051793333,-0.894733333,-0.038167333,-0.58556,-7.28E-08,-6.18E-05,0,0,0,-1.04E-34,0,0,0,0,0,0
g,0,1.0501,0,0,0,0,0,0,0,0,0,0,0,0,0,0,0,0,0,0,0,0,0,0,0,0,0,0,0,0,0,0,0,0,0,0,-5.70E-20,0.543333333,0,9.82E-21,1.94E-20,2.14E-20,-1.55E-20,9.60E-21,-9.73E-20,-4.98E-21,2.26E-20,1.23E-20,1.84E-21,1.04E-18,1.04E-18,1.42E-19,4.43E-20,-3.38E-19,-2.27E-17,2.32E-18,-2.02E-18,-1.17E-18,-1.32E-19,-6.18E-19,1.29E-18,0,-6.09E-21,6.61E-21,3.53E-21,4.61E-20,7.75E-21,1.80E-21,2.68E-21,-6.64E-20,2.14E-20,0,2.44E-21,0,0,0,0,0,0,0,0,0.666666667,0,0,0,0,0,0,0,0,0,0,0,0,0,0,0.00E+00,0,0,0,0,0.00E+00,0,0,0,0,0,0
pi_cbar,0,-0.030355,0,0,0,0,0,0,0,0,0,0,0,0,0,0,0,0,0,0,0,0,0,0,0,0,0,0,0,0,0,0,0,0,0,0,0,0.00E+00,0,0,0.00E+00,0.00E+00,0.00E+00,0.00E+00,0.00E+00,0.00E+00,0.00E+00,0.00E+00,0.00E+00,0.00E+00,0.00E+00,0.00E+00,0.00E+00,0.00E+00,0.00E+00,0.00E+00,0.00E+00,0,0.00E+00,0.00E+00,0.00E+00,0,0.00E+00,0.00E+00,0.00E+00,0.00E+00,0.00E+00,0.00E+00,0.00E+00,0.00E+00,0.00E+00,0,0.00E+00,0,0,0,0,0,0,0,0,0,0,0,0,0,0.666666667,0,0,0,0,0,0,0,0,0,0,0,0,0,0,0,0,0,0,0,0,0
pi_c,0.012098,0.020156,0,0,0,0,0,0,0,0,0,0,0,0,0,0,0,0,0,0,0,0,0,0,0,0,0,0,0,0,0,0,0,0,0,0,-2.94E-03,0.008616,0,0.114913333,-1.87E-03,-0.0808,-5.62E-17,7.56E-05,-0.08688,-1.71E-03,0.006602,2.01E-03,-0.022446,-0.0908,-0.059284667,0.008843333,4.29E-04,0.012915333,-0.35874,0.054304,-7.75E-04,0.257866667,5.52E-04,2.16E-04,0.014159333,0,0.022002,3.22E-03,0.025212667,0.22526,1.11E-03,-0.016895333,0.244046667,0.068393333,3.07E-16,0,2.37E-03,0,0,0,0,0,0,2.67E-03,6.15E-04,0.010572,-0.096206667,0.018324667,-0.36564,0.086613333,0.326593333,-1.29E-03,0.266286667,8.82E-04,2.77E-04,0.015478,0.097226667,-0.09442,0.010328667,-0.07018,3.14E-08,2.20E-04,0,0,0,-1.14E-35,0,0,0,0,0,0
mc_x,0,-3.958,0,0,0,0,0,0,0,0,0,0,0,0,0,0,0,0,0,0,0,0,0,0,0,0,0,0,0,0,0,0,0,0,0,0,0.107546667,0.058303333,0,0.27616,0.404293333,5.47E-03,-6.01E-16,-2.77E-03,3.179066667,0.346253333,0.25776,0.032663333,-0.318,-2.976466667,0.243013333,-1.213933333,2.92E-04,-1.607333333,-0.022102,-0.029053333,-0.046112667,0.031114667,0.002965333,0.008550667,0.281933333,0,0.056502667,1.40E-03,0.024458667,0.687533333,0.028436667,-0.64952,0.032065333,-0.08884,1.62E-15,0,0.028563333,0,0,0,0,0,0,0.032241333,4.18E-04,0.07154,3.520266667,-2.2806,-0.022526667,-0.046339333,0.294566667,-0.07674,0.032130667,4.74E-03,0.01096,0.3082,-0.126293333,-3.095133333,-1.4178,0.287686667,1.72E-08,2.89E-05,0,0,0,-3.28E-34,0,0,0,0,0,0
kbar,-2.27E-01,4.96E-01,0,0,0,0,0,0,0,0,0,0,0,0,0,0,0,0,0,0,0,0,0,0,0,0,0,0,0,0,0,0,0,0,0,0,-1.63E-04,-1.62E-04,0,6.04E-05,1.86E-04,0.652213333,1.26E-16,4.20E-06,-4.83E-03,1.97E-03,1.16E-03,-1.33E-03,2.78E-04,-0.002968667,3.72E-03,-0.009081333,0.009820667,-2.87E-03,-5.60E-03,7.46E-04,-3.09E-06,6.75E-04,2.94E-05,-3.39E-04,1.17E-03,0,-1.01E-03,0.009732,-4.88E-05,5.21E-03,-1.21E-03,4.84E-05,0.000911333,-0.457453333,9.28E-17,0,-1.33E-03,0,0,0,0,0,0,-1.50E-03,0.014077333,-1.99E-04,-5.35E-03,-4.07E-03,-5.71E-03,1.19E-03,-1.36E-04,-5.15E-06,6.97E-04,4.71E-05,-4.34E-04,1.28E-03,-0.650313333,-3.09E-03,-0.010606,4.41E-03,-3.63E-11,8.23E-07,0,0,0,1.41E-35,0,0,0,0,0,0
k,-0.22694,1.0744,0,0,0,0,0,0,0,0,0,0,0,0,0,0,0,0,0,0,0,0,0,0,0,0,0,0,0,0,0,0,0,0,0,0,-8.68E-09,8.77E-08,0,5.93E-08,-6.52E-09,0.666666667,-1.99E-17,2.23E-10,-2.57E-07,-1.87E-09,1.27E-07,2.13E-08,-2.02E-07,-9.08E-07,-5.05E-07,-5.97E-08,5.48E-09,3.22E-08,-2.51E-07,1.16E-08,-4.75E-09,-4.70E-07,-7.88E-11,1.03E-09,1.52E-07,0,2.22E-07,3.39E-08,-4.39E-08,2.01E-08,9.25E-09,-1.19E-07,1.61E-07,4.42E-07,8.17E-17,0,3.57E-08,0,0,0,0,0,0,4.03E-08,7.86E-09,1.08E-07,-2.84E-07,4.57E-08,-2.56E-07,1.84E-08,-2.22E-07,-7.90E-09,-4.86E-07,-1.26E-10,1.32E-09,1.66E-07,6.28E-07,-9.44E-07,-6.97E-08,-5.98E-07,-4.29E-07,1.45E-10,0,0,0,1.76E-39,0,0,0,0,0,0
x,3.30E-03,7.45E+00,0,0,0,0,0,0,0,0,0,0,0,0,0,0,0,0,0,0,0,0,0,0,0,0,0,0,0,0,0,0,0,0,0,0,-0.123746667,-6.36E-02,0.00E+00,-0.24428,-4.30E-01,-5.43E-02,7.18E-16,3.18E-03,-3.66E+00,-4.01E-01,-5.44E-01,-3.74E-02,-2.89E-01,2.203066667,-7.95E-01,2.17E+00,2.64E-04,1.79E+00,-1.80E-01,6.24E-02,2.50E-02,0.115466667,-4.11E-03,-1.04E-02,-3.28E-01,0,-5.22E-02,8.45E-04,-1.06E-02,-1.03E+00,-3.35E-02,2.38E-01,1.10E-01,1.37E-01,-1.67E-15,0,-3.33E-02,0,0,0,0,0,0,-3.76E-02,3.79E-04,-7.80E-02,-4.05E+00,2.54E+00,-1.83E-01,9.95E-02,-1.69E-01,4.15E-02,1.19E-01,-6.58E-03,-1.33E-02,-3.59E-01,1.95E-01,2.29E+00,2.53E+00,-9.41E-01,1.97E-09,9.94E-05,0,0,0,3.84E-34,0,0,0,0,0,0
R,2.60E-02,-5.25E-01,0,0,0,0,0,0,0,0,0,0,0,0,0,0,0,0,0,0,0,0,0,0,0,0,0,0,0,0,0,0,0,0,0,0,0.020146667,1.48E-03,0,0.050746,-1.57E-04,-1.41E-03,-9.05E-17,-5.18E-04,0.59552,-1.31E-04,1.97E-03,3.52E-04,-3.48E-03,-0.015246,-0.008912667,-3.22E-04,7.77E-05,9.74E-04,-0.006884667,1.09E-03,-9.94E-05,4.58E-03,1.14E-05,2.06E-05,2.52E-03,0,3.76E-03,5.57E-04,3.48E-04,5.37E-03,1.62E-04,-2.24E-03,4.03E-03,8.63E-04,1.52E-16,0,6.31E-04,0,0,0,0,0,0,0.000712667,1.11E-04,1.82E-03,0.65944,1.38E-03,-0.007017333,1.74E-03,6.62E-03,-1.65E-04,4.73E-03,1.83E-05,2.65E-05,2.76E-03,1.23E-03,-0.015854,-3.76E-04,-0.010551333,-4.74E-10,3.64E-06,0,0,0,-1.86E-36,0,0,0,0,0,0
a,-3.13E-01,-3.71E+00,0,0,0,0,0,0,0,0,0,0,0,0,0,0,0,0,0,0,0,0,0,0,0,0,0,0,0,0,0,0,0,0,0,0,8.19E-04,-0.001217333,0,-0.024156,-1.59E-03,0.019346667,-1.98E-16,-2.11E-05,0.024195333,0.648786667,0.0718,0.012979333,-0.018302667,-0.33126,-0.20638,-0.104366667,-2.43E-03,0.016235333,0.0922,-0.013490667,-6.91E-04,-0.059640667,3.53E-05,6.60E-04,0.078406667,0,-0.059768667,-0.014605333,-4.95E-03,0.041414667,0.006982,-0.011882667,-0.052272,-0.007615333,-1.36E-16,0,-0.010303333,0,0,0,0,0,0,-0.01163,-3.48E-03,-1.49E-03,0.026792667,0.023035333,0.093973333,-0.021517333,-0.051564667,-1.15E-03,-0.061587333,5.65E-05,8.45E-04,0.085706667,-0.010825333,-0.344466667,-0.121893333,-0.24432,-6.21E-09,-4.72E-05,0,0,0,-8.14E-35,0,0,0,0,0,0
gamma_mcd,1.87E-03,1.75E+00,0,0,0,0,0,0,0,0,0,0,0,0,0,0,0,0,0,0,0,0,0,0,0,0,0,0,0,0,0,0,0,0,0,0,2.57E-03,-0.014208,0,-0.16938,1.36E-03,0.11416,2.78E-16,-6.61E-05,0.075973333,-4.51E-03,0.63108,-3.72E-03,0.034412,0.163746667,0.08102,0.02775,-9.18E-04,-5.48E-03,0.504553333,-0.074233333,1.76E-03,-0.3675,1.02E-03,-0.000577333,-0.030591333,0,-0.033505333,-5.01E-03,-0.038056667,0.470806667,-2.35E-03,0.030056667,-0.3512,-0.087126667,-9.00E-16,0,-4.42E-03,0,0,0,0,0,0,-4.99E-03,-1.32E-03,-0.017433333,0.084126667,-0.007782,0.51426,-0.118406667,-0.39248,2.93E-03,-0.379493333,1.62E-03,-7.40E-04,-0.033441333,-0.12386,0.170273333,0.032409333,0.095913333,-4.71E-08,-3.17E-04,0,0,0,3.09E-35,0,0,0,0,0,0
gamma_mid,0.0036388,3.6327,0,0,0,0,0,0,0,0,0,0,0,0,0,0,0,0,0,0,0,0,0,0,0,0,0,0,0,0,0,0,0,0,0,0,-0.012034667,-0.022392,0,-0.163086667,-0.016914,0.082086667,1.91E-16,3.10E-04,-0.35574,-0.05666,-0.075933333,0.577153333,0.031488667,0.38774,-0.009932667,0.32862,-9.31E-04,0.143453333,0.374133333,-0.045342,6.08E-03,-0.27824,-0.000974667,0.033154667,-0.084006667,0,-0.036370667,-4.28E-03,-0.035064667,-0.218606667,0.299253333,0.065306667,-0.26796,-0.036790667,4.16E-16,0,-0.010214,0,0,0,0,0,0,-0.011528667,-1.34E-03,-0.027474667,-0.39392,0.203533333,0.381326667,-0.07232,-0.202073333,0.010112667,-0.28732,-1.56E-03,0.042498667,-0.091833333,-0.052301333,0.403193333,0.383806667,-0.011758667,-4.14E-08,-2.42E-04,0,0,0,-3.50E-33,0,0,0,0,0,0
gamma_xstar,-0.0039916,-4.1475,0,0,0,0,0,0,0,0,0,0,0,0,0,0,0,0,0,0,0,0,0,0,0,0,0,0,0,0,0,0,0,0,0,0,0.015249333,0.010524667,0,0.030999333,0.024826,6.48E-03,-2.21E-16,-3.92E-04,0.45076,0.056352667,0.052254,6.15E-03,0.59468,0.712666667,0.52156,-0.963066667,-2.15E-04,-0.1796,0.014434,-5.76E-03,0.020495333,-0.010146667,7.71E-04,2.04E-03,0.057528,0,0.008136667,-3.80E-04,2.81E-04,0.16486,5.91E-03,0.400266667,-0.011768,-0.016232,2.97E-16,0,6.41E-03,0,0,0,0,0,0,0.007236,-3.08E-04,0.012913333,0.49914,-0.254826667,0.014711333,-0.009192,0.02005,0.034106667,-0.010478,1.23E-03,0.002620667,0.062886667,-0.023074667,0.741066667,-1.1248,0.61744,-1.70E-09,-1.06E-05,0,0,0,-6.80E-35,0,0,0,0,0,0
R_star,4.36E-20,-6.85E-01,0,0,0,0,0,0,0,0,0,0,0,0,0,0,0,0,0,0,0,0,0,0,0,0,0,0,0,0,0,0,0,0,0,0,4.10E-17,1.83E-17,0.00E+00,1.62E-16,-6.13E-17,4.39E-17,4.13E-17,-2.69E-18,6.55E-16,-3.55E-17,-1.69E-16,8.43E-17,-6.97E-17,0.412113333,-0.09812,0.12002,-5.64E-17,-2.15E-16,-3.81E-16,8.95E-17,-2.91E-17,3.33E-16,-6.01E-18,4.27E-17,-3.80E-17,0,7.13E-17,-4.69E-17,-3.90E-17,-6.69E-16,8.92E-17,-1.93E-16,1.92E-16,-2.15E-16,2.04E-17,0,6.12E-17,0,0,0,0,0,0,2.02E-17,-8.88E-17,2.65E-17,1.11E-15,-4.94E-16,-4.64E-16,1.18E-16,1.40E-16,-5.65E-17,4.33E-16,-7.10E-18,5.12E-17,-5.15E-17,-3.89E-16,0.428546667,0.14018,-0.11616,8.68E-18,1.77E-19,0,0,0,-1.06E-48,0,0,0,0,0,0
e_ystar,-1.90E-20,2.85E+00,0,0,0,0,0,0,0,0,0,0,0,0,0,0,0,0,0,0,0,0,0,0,0,0,0,0,0,0,0,0,0,0,0,0,-6.92E-18,2.92E-18,0.00E+00,1.62E-18,2.47E-18,3.60E-18,-1.97E-18,1.69E-18,-1.08E-18,-9.58E-19,2.29E-18,1.68E-19,-4.48E-20,1.38E-16,0.56314,2.20E-17,4.08E-18,6.77E-17,7.32E-17,-1.84E-17,-9.39E-19,8.80E-18,2.01E-18,-7.34E-19,-1.23E-17,0,1.76E-18,3.33E-18,1.48E-18,3.17E-18,-1.33E-19,-9.06E-19,2.13E-19,-1.55E-17,1.29E-18,0,1.38E-18,0,0,0,0,0,0,-8.83E-18,4.90E-18,-4.68E-19,2.30E-16,2.29E-16,-1.85E-17,-3.67E-17,1.53E-17,-1.32E-18,2.39E-17,-6.37E-19,-4.93E-18,-2.05E-17,2.37E-16,9.68E-18,-8.59E-17,0.666666667,-5.88E-18,-2.94E-20,0,0,0,6.01E-50,0,0,0,0,0,0
e_pistar,0,0.88174,0,0,0,0,0,0,0,0,0,0,0,0,0,0,0,0,0,0,0,0,0,0,0,0,0,0,0,0,0,0,0,0,0,0,1.39E-19,2.04E-18,0.00E+00,-1.25E-19,-1.56E-19,-2.56E-19,-2.18E-19,-3.14E-20,1.78E-18,3.77E-19,2.86E-19,2.89E-19,-1.09E-19,-3.06E-19,-5.93E-17,0.570813333,-8.54E-19,2.64E-17,-1.32E-18,1.15E-18,2.86E-18,-1.04E-17,4.12E-19,3.14E-19,-3.34E-18,0,5.25E-19,-3.79E-19,-1.08E-19,-4.31E-19,4.16E-19,2.43E-19,-2.92E-19,-6.02E-19,-5.31E-19,0,1.79E-19,0,0,0,0,0,0,-2.17E-17,2.16E-17,-2.95E-18,4.28E-16,0.00E+00,1.21E-17,-2.12E-17,-2.56E-18,-1.02E-18,8.89E-17,1.63E-19,-4.19E-18,-1.18E-17,-1.33E-16,9.60E-17,0.666666667,-4.42E-17,9.84E-18,-7.80E-20,0,0,0,-1.96E-50,0,0,0,0,0,0
e_i,0.00E+00,7.17E-03,0,0,0,0,0,0,0,0,0,0,0,0,0,0,0,0,0,0,0,0,0,0,0,0,0,0,0,0,0,0,0,0,0,0,3.40E-19,2.35E-19,0.00E+00,-8.61E-20,-1.42E-19,-1.74E-19,3.76E-20,-1.39E-20,7.74E-19,1.19E-19,-1.16E-19,-1.03E-19,-3.58E-20,-5.66E-18,-1.24E-17,-1.47E-18,0.465073333,7.69E-18,-1.44E-18,-3.28E-18,-4.55E-19,-1.10E-17,-2.51E-18,2.27E-18,-2.17E-19,0,1.81E-19,-5.97E-20,-3.91E-20,-2.75E-19,-5.09E-20,2.68E-20,-1.83E-19,2.65E-19,-2.58E-19,0,9.45E-21,0,0,0,0,0,0,0,0.666666667,0,0,0,0,0,0,0,0,0,0,0,0,0,0,0,0,0,0,0,0,0,0,0,0,0,0,0
e_a,0,1.1025,0,0,0,0,0,0,0,0,0,0,0,0,0,0,0,0,0,0,0,0,0,0,0,0,0,0,0,0,0,0,0,0,0,0,-1.61E-17,-2.82E-18,0.00E+00,4.54E-18,4.78E-18,7.31E-18,-4.50E-18,2.31E-18,-6.91E-18,-3.13E-18,1.02E-17,4.95E-18,-7.25E-19,2.99E-16,1.92E-16,4.77E-17,9.11E-19,0.469866667,-1.30E-18,-4.07E-18,-9.16E-18,-3.76E-17,-9.00E-19,-2.20E-18,-4.09E-18,0,-3.01E-18,1.34E-18,3.00E-18,8.59E-18,3.39E-18,1.66E-18,6.34E-18,-2.77E-17,4.55E-18,0,2.18E-18,0,0,0,0,0,0,0.00E+00,0.00E+00,0.00E+00,0.00E+00,0.666666667,0.00E+00,0.00E+00,0.00E+00,0.00E+00,0.00E+00,0.00E+00,0.00E+00,0.00E+00,0.00E+00,0.00E+00,0.00E+00,0.00E+00,0.00E+00,0.00E+00,0,0,0,0.00E+00,0,0,0,0,0,0
e_z,0.00E+00,1.64E+00,0,0,0,0,0,0,0,0,0,0,0,0,0,0,0,0,0,0,0,0,0,0,0,0,0,0,0,0,0,0,0,0,0,0,0,0.00E+00,0.00E+00,0,0.00E+00,0.00E+00,0.00E+00,0.00E+00,0.00E+00,0.00E+00,0.00E+00,0.00E+00,0.00E+00,0.00E+00,0.00E+00,0.00E+00,0.00E+00,0.00E+00,0.654086667,2.01E-17,2.65E-17,2.46E-16,-2.97E-17,3.10E-17,-1.88E-17,0,0.00E+00,0.00E+00,0.00E+00,0.00E+00,0.00E+00,0.00E+00,0.00E+00,0.00E+00,0.00E+00,0,0.00E+00,0,0,0,0,0,0,0,0,0,0,0,0.666666667,0,0,0,0,0,0,0,0,0,0,0,0,0,0,0,0,0,0,0,0,0,0,0
e_H,0,0.19418,0,0,0,0,0,0,0,0,0,0,0,0,0,0,0,0,0,0,0,0,0,0,0,0,0,0,0,0,0,0,0,0,0,0,0,0,0,0,0,0,0,0,0,0,0,0,0,0,0,0,0,0,0,0.41798,3.93E-18,5.76E-19,3.62E-18,-8.26E-19,-6.36E-19,0,0,0,0,0,0,0,0,0,0,0,0,0,0,0,0,0,0,0.00E+00,0,0.00E+00,0.00E+00,0.00E+00,0.00E+00,0.666666667,0.00E+00,0.00E+00,0.00E+00,0.00E+00,0.00E+00,0.00E+00,0.00E+00,0.00E+00,0.00E+00,0.00E+00,0.00E+00,0.00E+00,0,0,0,0.00E+00,0,0,0,0,0,0
lambda_x,0,-0.032091,0,0,0,0,0,0,0,0,0,0,0,0,0,0,0,0,0,0,0,0,0,0,0,0,0,0,0,0,0,0,0,0,0,0,0,0,0,0,0,0,0,0,0,0,0,0,0,0,0,0,0,0,0,0,0.400606667,2.40E-19,1.97E-18,-2.24E-18,-3.47E-19,0,0,0,0,0,0,0,0,0,0,0,0,0,0,0,0,0,0,0,0,0,0,0,0,0,0,0.666666667,0,0,0,0,0,0,0,0,0,0,0,0,0,0,0,0,0,0,0,0
lambda_d,0,1.3969,0,0,0,0,0,0,0,0,0,0,0,0,0,0,0,0,0,0,0,0,0,0,0,0,0,0,0,0,0,0,0,0,0,0,0,0,0,0,0,0,0,0,0,0,0,0,0,0,0,0,0,0,0,0,0,0.645593333,3.38E-17,-4.11E-17,1.33E-17,0,0,0,0,0,0,0,0,0,0,0,0,0,0,0,0,0,0,0,0,0,0,0,0,0,0,0,0.666666667,0,0,0,0,0,0,0,0,0,0,0,0,0,0,0,0,0,0,0
lambda_mc,0,-0.0039887,0,0,0,0,0,0,0,0,0,0,0,0,0,0,0,0,0,0,0,0,0,0,0,0,0,0,0,0,0,0,0,0,0,0,0,0,0,0,0,0,0,0,0,0,0,0,0,0,0,0,0,0,0,0,0,0,0.416793333,-3.42E-21,-1.15E-20,0,0,0,0,0,0,0,0,0,0,0,0,0,0,0,0,0,0,0,0,0,0,0,0,0,0,0,0,0.666666667,0,0,0,0,0,0,0,0,0,0,0,0,0,0,0,0,0,0
lambda_mi,0,0.0098356,0,0,0,0,0,0,0,0,0,0,0,0,0,0,0,0,0,0,0,0,0,0,0,0,0,0,0,0,0,0,0,0,0,0,0,0,0,0,0,0,0,0,0,0,0,0,0,0,0,0,0,0,0,0,0,0,0,0.520093333,4.67E-19,0,0,0,0,0,0,0,0,0,0,0,0,0,0,0,0,0,0,0,0,0,0,0,0,0,0,0,0,0,0.666666667,0,0,0,0,0,0,0,0,0,0,0,0,0,0,0,0,0
z_tildestar,0,-0.4395,0,0,0,0,0,0,0,0,0,0,0,0,0,0,0,0,0,0,0,0,0,0,0,0,0,0,0,0,0,0,0,0,0,0,0,0,0,0,0,0,0,0,0,0,0,0,0,0,0,0,0,0,0,0,0,0,0,0,0.60986,0,0,0,0,0,0,0,0,0,0,0,0,0,0,0,0,0,0,0,0,0,0,0,0,0,0,0,0,0,0,0.666666667,0,0,0,0,0,0,0,0,0,0,0,0,0,0,0,0
AUX_ENDO_LAG_25_1,-0.22694,1.0744,0,0,0,0,0,0,0,0,0,0,0,0,0,0,0,0,0,0,0,0,0,0,0,0,0,0,0,0,0,0,0,0,0,0,-2.02E-19,3.68E-20,0.00E+00,8.86E-18,0.00E+00,0.666666667,-2.33E-18,8.61E-19,-3.61E-18,1.91E-17,-1.24E-17,-2.03E-18,-1.31E-18,-3.81E-17,-3.27E-18,-2.49E-18,4.95E-19,-1.46E-17,-2.73E-20,2.35E-18,-3.64E-19,3.60E-17,8.69E-20,4.32E-19,-1.21E-17,0,1.22E-17,-3.84E-19,2.95E-18,1.30E-17,-4.60E-18,-5.48E-18,2.49E-17,1.76E-17,1.31E-17,0,1.56E-18,0,0,0,0,0,0,0,0,0,0,0,0,0,0,0,0,0,0,0,0,0,0,0,0,0,0,0,0,0,0,0,0,0,0,0
c,0.08965,0.076133,0,0,0,0,0,0,0,0,0,0,0,0,0,0,0,0,0,0,0,0,0,0,0,0,0,0,0,0,0,0,0,0,0,0,-0.009169333,-0.008508,0,2.39E-03,1.84E-03,9.31E-05,2.40E-17,2.36E-04,-0.271033333,0.02105,-0.044816,4.07E-03,0.010555333,0.019055333,0.04946,-0.05343,-5.95E-03,-0.025955333,-0.161633333,0.027023333,2.50E-03,0.097226667,-1.12E-04,3.57E-03,-4.04E-03,0,0.484386667,-0.009162,-4.03E-04,-0.054175333,5.51E-03,0.019824,0.049134667,-0.068573333,6.02E-16,0,0.097933333,0,0,0,0,0,0,0.110546667,-0.00853,-0.010439333,-0.300126667,-0.036826667,-0.16474,0.043102,0.018682667,4.17E-03,0.1004,-1.79E-04,4.58E-03,-4.42E-03,-0.09748,0.019815333,-0.062402,0.058552667,8.17E-10,4.44E-05,0,0,0,-6.49E-35,0,0,0,0,0,0
i,-0.22694,-13.389,0,0,0,0,0,0,0,0,0,0,0,0,0,0,0,0,0,0,0,0,0,0,0,0,0,0,0,0,0,0,0,0,0,0,-0.009652,-0.009579333,0,3.57E-03,0.010975333,-0.186833333,3.48E-17,2.48E-04,-0.2853,0.116106667,0.068713333,-0.078686667,0.016424667,-0.175326667,0.21978,-0.53632,0.11492,-0.1696,-0.33078,0.044066667,-1.83E-04,0.039876,1.74E-03,-0.020015333,0.06924,0,-0.059440667,0.574746667,-2.88E-03,0.307453333,-0.071193333,2.86E-03,0.053822,0.21052,2.75E-15,0,-0.078686667,0,0,0,0,0,0,-0.088813333,0.164733333,-0.011754,-0.31592,-0.24064,-0.33714,0.070286667,-0.008002667,-3.04E-04,0.041177333,2.78E-03,-0.025656,0.075693333,0.299273333,-0.182313333,-0.626386667,0.260186667,-2.14E-09,4.86E-05,0,0,0,8.35E-34,0,0,0,0,0,0
pi_d,0.012098,0.094907,0,0,0,0,0,0,0,0,0,0,0,0,0,0,0,0,0,0,0,0,0,0,0,0,0,0,0,0,0,0,0,0,0,0,-3.84E-03,0.013576,0,0.174046667,-2.34E-03,-0.120653333,-2.03E-16,9.87E-05,-0.1134,-1.35E-04,0.019024667,3.31E-03,-0.034459333,-0.14796,-0.087566667,-8.44E-04,7.49E-04,0.01483,-0.53488,0.08022,-1.39E-03,0.38616,1.97E-04,4.17E-04,0.024838667,0,0.033698667,4.97E-03,0.038498,0.060903333,1.94E-03,-0.027388,0.366653333,0.098806667,3.76E-16,0,3.91E-03,0,0,0,0,0,0,4.42E-03,0.001074,0.016658,-0.125573333,0.021041333,-0.545166667,0.127946667,0.463606667,-2.31E-03,0.398766667,3.16E-04,5.35E-04,0.027152,0.14046,-0.15386,-9.85E-04,-0.103666667,4.79E-08,3.31E-04,0,0,0,-2.22E-35,0,0,0,0,0,0
pi_mc,0.012098,-0.11922,0,0,0,0,0,0,0,0,0,0,0,0,0,0,0,0,0,0,0,0,0,0,0,0,0,0,0,0,0,0,0,0,0,0,-1.27E-03,-6.32E-04,0,4.66E-03,-0.000986667,-6.49E-03,1.61E-16,3.26E-05,-0.037427333,-4.64E-03,-0.016560667,-4.11E-04,-4.70E-05,0.015784,-6.55E-03,0.026906,-1.69E-04,0.009344667,-0.030326,5.98E-03,3.71E-04,0.018659333,1.21E-03,-1.60E-04,-5.75E-03,0,1.93E-04,-4.57E-05,4.41E-04,0.531713333,-4.16E-04,2.67E-03,0.015451333,0.011679333,9.42E-18,0,-5.12E-04,0,0,0,0,0,0,-5.78E-04,-2.42E-04,-7.76E-04,-0.041444667,0.013258667,-0.030909333,0.009544,0.071126667,6.18E-04,0.019268667,1.94E-03,-2.05E-04,-6.29E-03,0.016603333,0.016413333,0.031424,-0.007752667,7.25E-10,1.39E-05,0,0,0,8.64E-36,0,0,0,0,0,0
pi_mi,0.012098,0.38232,0,0,0,0,0,0,0,0,0,0,0,0,0,0,0,0,0,0,0,0,0,0,0,0,0,0,0,0,0,0,0,0,0,0,-0.015870667,-0.008816,0,0.010959333,-0.019256,-0.038566,1.42E-16,4.08E-04,-0.46914,-0.056794667,-0.05691,-0.086206667,-2.97E-03,0.23978,-0.0975,0.32778,-1.82E-04,0.15828,-0.160753333,0.034878,4.69E-03,0.10792,-7.77E-04,0.033572,-0.059169333,0,-2.67E-03,0.000692,3.43E-03,-0.157706667,0.301193333,0.037918667,0.098693333,0.062016,-2.13E-16,0,-6.30E-03,0,0,0,0,0,0,-0.007112,-2.61E-04,-0.010817333,-0.519493333,0.224573333,-0.16384,0.055629333,0.261526667,0.0078,0.11144,-1.24E-03,0.043033333,-0.064680667,0.08816,0.24934,0.38282,-0.115426667,6.42E-09,8.91E-05,0,0,0,-3.53E-33,0,0,0,0,0,0
pi_x,8.53E-19,1.69E-01,0,0,0,0,0,0,0,0,0,0,0,0,0,0,0,0,0,0,0,0,0,0,0,0,0,0,0,0,0,0,0,0,0,0,0.015249333,0.010524667,0,0.030999333,0.024826,6.48E-03,1.92E-16,-3.92E-04,0.45076,0.056352667,0.052254,6.15E-03,-0.071986667,-0.511706667,0.013919333,-0.181106667,-2.15E-04,-0.1796,0.014434,-5.76E-03,0.020495333,-0.010146667,7.71E-04,2.04E-03,0.057528,0,0.008136667,-3.80E-04,2.81E-04,0.16486,5.91E-03,0.400266667,-0.011768,-0.016232,1.31E-15,0,6.41E-03,0,0,0,0,0,0,0.007236,-3.08E-04,0.012913333,0.49914,-0.254826667,0.014711333,-0.009192,0.02005,0.034106667,-0.010478,1.23E-03,0.002620667,0.062886667,-0.023074667,-0.532106667,-0.21152,0.016478667,-1.70E-09,-1.06E-05,0,0,0,-6.80E-35,0,0,0,0,0,0
w,-0.075862,1.0509,0,0,0,0,0,0,0,0,0,0,0,0,0,0,0,0,0,0,0,0,0,0,0,0,0,0,0,0,0,0,0,0,0,0,3.45E-03,-0.011272667,0,0.12902,2.49E-03,0.12714,5.43E-17,-8.89E-05,0.102113333,5.37E-03,-0.012034,-2.31E-03,0.027532,0.107906667,0.078973333,-0.021076,2.51E-04,-0.021368667,0.551893333,0.014842,1.58E-03,-0.409506667,-7.24E-05,-1.95E-04,-0.017585333,0,-0.02911,-3.40E-03,-0.030278,-0.03045,-1.31E-03,0.024885333,0.241326667,-0.124373333,5.11E-16,0,-0.008565333,0,0,0,0,0,0,-0.009668667,3.59E-04,-0.013831333,0.113073333,-0.030318667,0.562506667,0.023672667,-0.0976,2.64E-03,-0.422873333,-1.16E-04,-2.50E-04,-0.019223333,-0.176813333,0.112206667,-0.024614667,0.093486667,-3.74E-08,2.18E-04,0,0,0,1.51E-35,0,0,0,0,0,0
mu_z,1.70E-18,3.40E-01,0,0,0,0,0,0,0,0,0,0,0,0,0,0,0,0,0,0,0,0,0,0,0,0,0,0,0,0,0,0,0,0,0,0,6.71E-17,1.40E-17,0.00E+00,-5.85E-17,3.65E-17,1.37E-16,-1.61E-16,6.85E-17,-4.36E-17,2.96E-17,-2.68E-17,3.88E-17,6.42E-17,1.02E-16,-6.83E-17,3.62E-16,-1.48E-17,2.56E-16,2.24E-16,2.08E-18,1.76E-17,-1.07E-16,-1.22E-17,2.40E-17,-2.81E-17,0,-6.94E-17,-9.23E-17,1.04E-17,-2.48E-17,4.77E-17,3.74E-18,-1.04E-16,0.46896,5.32E-17,0,3.13E-16,0,0,0,0,0,0,-6.05E-17,4.06E-18,-2.44E-17,-7.08E-16,-1.62E-17,-2.27E-16,9.75E-17,0.00E+00,5.58E-18,3.09E-16,5.08E-19,6.09E-18,-5.69E-17,0.666666667,1.71E-16,-5.47E-17,1.14E-16,0,6.35E-20,0,0,0,-1.50E-49,0,0,0,0,0,0
E,0.10302,-3.097,0,0,0,0,0,0,0,0,0,0,0,0,0,0,0,0,0,0,0,0,0,0,0,0,0,0,0,0,0,0,0,0,0,0,-3.54E-03,3.72E-03,0,-0.011956667,-1.34E-03,-0.02455,-3.39E-17,9.09E-05,-0.1045,-0.00838,-6.90E-04,1.45E-04,-0.007710667,-0.017558667,-0.033826,0.035309333,-2.60E-04,0.016864,-0.115993333,-1.31E-03,-9.18E-04,-2.68E-03,-1.67E-04,-2.12E-05,1.26E-03,0,0.011266667,1.19E-03,-4.32E-04,-0.028988,-1.97E-05,-0.009732,-0.006812667,0.040014667,0.568266667,0,0.008216667,0,0,0,0,0,0,0.009274667,-3.73E-04,4.56E-03,-0.115713333,0.023927333,-0.11822,-2.09E-03,-0.010032,-1.53E-03,-2.77E-03,-2.68E-04,-2.72E-05,1.37E-03,0.056884667,-0.018258667,0.041238667,-0.040044667,1.24E-09,-6.15E-06,0,0,0,2.55E-38,0,0,0,0,0,0
y_star,3.09E-22,-6.26E+00,0,0,0,0,0,0,0,0,0,0,0,0,0,0,0,0,0,0,0,0,0,0,0,0,0,0,0,0,0,0,0,0,0,0,1.43E-16,2.12E-16,0.00E+00,1.72E-15,7.52E-16,9.45E-17,-2.18E-16,2.73E-17,6.37E-15,1.09E-16,-1.28E-15,1.99E-16,-3.80E-16,-2.346933333,-1.298266667,-1.184133333,-6.01E-16,-3.08E-15,-5.19E-15,8.67E-16,-2.70E-16,3.99E-15,-2.80E-17,2.16E-16,-9.80E-17,0,9.27E-16,-1.06E-15,2.29E-16,-4.41E-15,4.10E-16,-2.38E-15,2.35E-15,-3.11E-16,-8.13E-16,0,-6.25E-17,0,0,0,0,0,0,1.16E-16,-8.89E-16,2.69E-16,3.11E-15,-3.72E-15,-4.48E-15,1.39E-15,1.16E-15,-4.11E-16,3.26E-15,-4.35E-17,3.09E-16,-3.69E-17,1.83E-15,-2.440466667,-1.383,-1.537,-3.87E-17,2.34E-18,0,0,0,-4.05E-48,0,0,0,0,0,0
e_c,0,-1.6142,0,0,0,0,0,0,0,0,0,0,0,0,0,0,0,0,0,0,0,0,0,0,0,0,0,0,0,0,0,0,0,0,0,0,-4.56E-17,5.26E-18,0.00E+00,2.43E-17,6.19E-18,8.23E-17,-3.38E-17,1.14E-17,3.70E-16,-1.29E-17,2.22E-17,7.94E-18,-2.16E-17,-2.48E-16,-6.82E-17,-6.89E-17,-3.33E-18,-2.09E-17,2.30E-16,-2.05E-17,-3.96E-18,-7.72E-17,1.85E-18,-2.64E-18,1.53E-18,0,2.04E-17,-4.44E-17,4.40E-18,-6.00E-18,3.09E-18,-1.57E-17,-1.12E-17,1.69E-16,3.26E-19,0,0.59062,0,0,0,0,0,0,0.666666667,0,0,0,0,0,0,0,0,0,0,0,0,0,0,0,0,0,0,0,0,0,0,0,0,0,0,0,0
i_k,0.3918,0.3918,0,0,0,0,0,0,0,0,0,0,0,0,0,0,0,0,0,0,0,0,0,0,0,0,0,0,0,0,0,0,0,0,0,0,-3.97E-18,1.84E-17,0,-5.16E-17,-3.40E-17,-6.88E-17,-9.52E-18,4.33E-18,-6.88E-16,-5.20E-17,-1.43E-17,-4.94E-17,-8.05E-17,1.31E-16,-1.58E-16,1.18E-16,-3.34E-18,2.03E-16,-3.07E-16,1.96E-17,1.61E-18,-1.05E-17,-4.27E-19,-8.66E-19,1.73E-18,0,7.94E-17,2.20E-17,-1.47E-18,-1.79E-16,9.88E-19,-1.37E-18,1.76E-17,4.21E-16,-2.48E-17,0,-1.65E-17,0,0,0,0,0,0,-2.75E-18,-4.12E-19,-8.91E-19,-3.94E-17,1.22E-17,-8.74E-18,3.16E-18,1.16E-17,5.24E-19,4.09E-18,-7.60E-20,2.07E-18,-4.19E-18,1.57E-17,2.14E-17,1.97E-17,-1.53E-18,0.666666667,4.76E-21,0,0,0,-2.91E-33,0,0,0,0,0,0
r_k,0.2541,-2.5941,0,0,0,0,0,0,0,0,0,0,0,0,0,0,0,0,0,0,0,0,0,0,0,0,0,0,0,0,0,0,0,0,0,0,-0.00868,0.087653333,0,0.059266667,-6.52E-03,-0.717733333,-4.93E-17,2.23E-04,-0.256573333,-1.87E-03,0.12722,0.021294667,-0.20192,-0.907933333,-0.505006667,-0.059658667,5.48E-03,0.032244,-0.251386667,0.011551333,-4.75E-03,-0.470466667,-7.88E-05,1.03E-03,0.151733333,0,0.222326667,0.033909333,-0.043880667,0.020149333,0.009247333,-0.118673333,0.16052,0.441646667,1.12E-16,0,0.035715333,0,0,0,0,0,0,0.040314,0.00786,0.107546667,-0.284113333,0.045749333,-0.256226667,0.018424,-0.22204,-0.007899333,-0.48582,-1.26E-04,1.32E-03,0.165866667,0.62784,-0.944133333,-0.069673333,-0.597846667,4.34E-07,1.45E-04,0,0,0,-1.08E-34,0,0,0,0,0,0
P_k,0.0017034,2.9745,0,0,0,0,0,0,0,0,0,0,0,0,0,0,0,0,0,0,0,0,0,0,0,0,0,0,0,0,0,0,0,0,0,0,-0.073993333,-0.041692,0,0.008998667,0.005138667,-0.33366,-5.87E-16,1.90E-03,-2.187133333,4.18E-03,-0.13088,0.016496,0.07122,0.330873333,0.226026667,0.101466667,-0.047872,-0.056981333,-0.938466667,0.218253333,0.010757333,0.40192,-7.27E-04,0.018436667,-0.117726667,0,-0.09298,-0.059453333,-0.020112,-0.16168,0.026046,0.099153333,0.375933333,0.893133333,6.58E-15,0,-0.084093333,0,0,0,0,0,0,-0.09492,-0.06862,-0.051156,-2.421933333,-0.080846667,-0.956533333,0.348113333,0.039972,0.017901333,0.41504,-1.16E-03,0.023632,-0.128693333,1.269733333,0.34406,0.1185,0.267573333,-1.48E-08,3.39E-04,0,0,0,-3.06E-34,0,0,0,0,0,0
dS,0.012098,4.3109,0,0,0,0,0,0,0,0,0,0,0,0,0,0,0,0,0,0,0,0,0,0,0,0,0,0,0,0,0,0,0,0,0,0,-0.126633333,-0.055252,0,-0.133113333,0.235206667,-0.132606667,-1.63E-15,3.26E-03,-3.7432,-0.40274,-0.290986667,-0.035508667,0.355533333,3.3402,-0.3445,1.3942,6.72E-04,1.8018,-0.527213333,0.115033333,0.024228,0.365193333,-3.54E-03,-0.010177333,-0.314626667,0,-0.030940667,0.003951333,0.013758,-0.791533333,-0.032414667,0.221866667,0.346353333,0.20388,2.10E-16,0,-0.031060667,0,0,0,0,0,0,-0.03506,9.64E-04,-0.067793333,-4.144933333,2.556466667,-0.537353333,0.18348,0.148986667,0.040318667,0.377113333,-5.66E-03,-0.013046,-0.343933333,0.289833333,3.4734,1.628333333,-0.407826667,3.23E-08,3.13E-04,0,0,0,3.74E-34,0,0,0,0,0,0
psi_z,-0.094282,-3.7092,0,0,0,0,0,0,0,0,0,0,0,0,0,0,0,0,0,0,0,0,0,0,0,0,0,0,0,0,0,0,0,0,0,0,0.072466667,0.052402,0,0.034008,-0.007415333,0.041011333,6.88E-16,-1.86E-03,2.142,-0.076466667,0.043048,-0.014102667,-0.07766,-0.267986667,-0.271966667,0.131246667,0.030348667,0.094766667,0.8968,-0.184946667,-0.013135333,-0.524713333,-1.54E-03,-0.015161333,0.062668667,0,0.140786667,0.048054,0.022689333,-0.19836,-0.021965333,-0.1162,-0.282526667,-1.377933333,-5.09E-15,0,0.190653333,0,0,0,0,0,0,0.2152,0.043504,0.064296667,2.371933333,0.134453333,0.914066667,-0.294986667,-0.013418667,-0.021858667,-0.541833333,-2.46E-03,-0.019434,0.068506667,-1.9588,-0.278666667,0.153286667,-0.32196,1.82E-08,-2.55E-04,0,0,0,2.56E-34,0,0,0,0,0,0
pi_star,2.47E-20,-2.48E-01,0,0,0,0,0,0,0,0,0,0,0,0,0,0,0,0,0,0,0,0,0,0,0,0,0,0,0,0,0,0,0,0,0,0,5.56E-17,1.01E-16,0.00E+00,1.03E-15,3.55E-16,-1.82E-16,2.16E-17,-7.42E-18,4.41E-15,-2.25E-16,-1.26E-15,5.85E-16,-2.73E-16,-1.224333333,-0.50764,0.781933333,-4.45E-16,-1.76E-15,-3.16E-15,4.96E-16,-1.93E-16,2.29E-15,-2.82E-17,2.42E-16,-3.23E-16,0,7.63E-16,-6.14E-16,2.04E-16,-4.74E-15,5.26E-16,-1.56E-15,1.57E-15,-4.97E-16,1.39E-16,0,-7.12E-17,0,0,0,0,0,0,7.05E-17,-5.73E-16,1.16E-16,3.52E-15,-1.87E-15,-3.19E-15,9.02E-16,8.24E-16,-2.95E-16,2.43E-15,-4.45E-17,3.05E-16,-3.62E-16,-1.74E-16,-1.2732,0.913266667,-0.60096,2.19E-18,1.39E-18,0,0,0,-5.74E-48,0,0,0,0,0,0
